ID,age,order_id
1,67,1-878-128-5185
2,66,2-314-476-0752
3,68,4-452-780-8017
4,10,3-204-174-7267
5,40,7-723-418-4604
6,54,6-561-767-1411
7,25,7-170-135-6514
8,79,6-647-132-2736
9,52,0-284-868-6504
10,28,2-832-460-5174
11,23,2-801-783-3328
12,73,3-078-273-6115
13,22,8-071-314-2672
14,10,6-676-507-0047
15,36,7-033-370-0272
16,64,0-202-661-5772
17,43,8-500-351-4142
18,27,6-178-626-7405
19,35,0-522-215-0783
20,62,7-066-565-5074
21,52,7-284-138-7068
22,64,2-710-813-7611
23,56,5-816-403-1054
24,13,2-074-856-1084
25,66,5-467-458-6128
26,24,1-128-376-5306
27,69,2-880-305-6431
28,78,3-464-678-0062
29,59,2-772-174-4774
30,47,6-721-526-7025
31,66,0-274-167-5526
32,49,2-246-761-4016
33,78,4-736-835-0282
34,75,8-821-077-3068
35,34,7-083-106-7488
36,38,2-062-562-2046
37,74,3-041-228-7808
38,74,3-271-134-0888
39,11,1-572-352-2200
40,20,5-541-814-1167
41,34,7-105-068-4140
42,60,4-632-655-3265
43,54,8-207-368-3643
44,29,5-615-140-1466
45,26,7-244-140-1435
46,64,5-103-458-8205
47,11,3-026-640-1578
48,19,1-322-326-1038
49,76,4-558-768-6540
50,13,2-330-241-7182
51,18,2-650-348-8122
52,17,7-138-824-6328
53,78,7-675-216-4345
54,16,0-731-408-8131
55,23,0-178-346-0652
56,54,5-268-466-3427
57,12,7-322-307-4454
58,13,2-608-653-4564
59,23,2-833-576-6371
60,79,2-366-760-8766
61,62,5-758-833-0808
62,38,5-376-866-4505
63,30,7-658-543-5266
64,63,1-670-300-1420
65,42,7-380-021-5130
66,26,6-433-521-8515
67,28,8-605-047-4510
68,30,4-358-515-7552
69,75,5-541-117-6760
70,33,2-446-456-4418
71,27,6-123-475-2308
72,42,8-633-224-7226
73,12,6-720-874-4624
74,76,7-418-078-1507
75,68,1-211-518-3326
76,58,5-435-547-5244
77,69,0-464-354-5038
78,55,5-274-204-5643
79,47,3-340-215-6731
80,16,3-407-705-1560
81,32,5-221-880-4110
82,78,0-337-717-2161
83,69,0-565-728-6324
84,11,7-368-258-2307
85,40,6-624-761-7140
86,29,1-357-235-7720
87,38,3-804-774-0728
88,18,8-475-058-3246
89,66,8-100-384-3680
90,75,6-502-003-7448
91,67,4-862-350-8115
92,58,7-357-743-0387
93,38,5-532-082-4114
94,41,2-280-706-4024
95,52,4-408-173-5035
96,68,2-771-814-5715
97,42,4-213-133-2167
98,46,8-223-783-7617
99,11,2-458-776-3843
100,69,5-046-026-4032
101,52,7-078-766-3311
102,50,6-333-035-3746
103,61,4-573-438-7201
104,63,8-751-703-4880
105,52,7-245-686-3313
106,21,8-280-122-6263
107,20,7-457-027-5525
108,20,8-313-263-7332
109,44,0-326-523-1826
110,25,2-820-375-5671
111,66,0-844-256-4206
112,55,0-082-832-5580
113,36,4-344-756-2245
114,53,7-782-528-2160
115,29,7-263-551-1800
116,72,0-155-343-5334
117,14,4-803-872-6215
118,52,7-365-246-6701
119,37,5-286-247-4658
120,55,5-611-725-8407
121,79,6-628-572-3656
122,55,7-447-318-1300
123,48,3-574-427-5488
124,42,1-878-348-8842
125,31,6-653-155-5664
126,14,8-683-611-8506
127,35,2-878-115-7357
128,62,6-438-327-4378
129,61,4-417-326-5010
130,21,7-544-166-3716
131,30,6-152-218-4003
132,52,8-740-716-4321
133,57,6-236-057-3780
134,22,5-337-251-6285
135,35,2-546-418-4084
136,10,7-143-106-0624
137,45,6-726-133-7684
138,40,0-176-841-5730
139,13,1-652-145-8188
140,53,8-135-562-7602
141,12,1-001-176-3715
142,38,7-161-342-1127
143,65,1-401-012-1341
144,19,3-372-256-6487
145,41,0-141-617-8228
146,58,6-526-848-2846
147,76,6-875-402-2551
148,74,5-031-618-0305
149,61,2-070-844-4344
150,61,3-141-060-1330
151,65,0-657-554-5303
152,40,2-121-154-1567
153,43,6-606-042-7008
154,21,7-576-072-2707
155,70,3-887-781-3810
156,70,5-758-743-2112
157,45,7-717-356-6812
158,18,4-480-752-6581
159,24,2-342-545-1538
160,14,7-383-428-3444
161,30,5-345-858-7685
162,12,0-414-404-0482
163,45,5-722-066-6816
164,28,0-020-403-7782
165,10,1-383-836-5088
166,14,3-578-171-7673
167,39,7-344-436-6410
168,54,6-374-402-0126
169,76,2-358-742-2044
170,47,8-205-214-1412
171,69,8-536-521-5641
172,20,7-680-875-2725
173,22,8-570-644-1178
174,20,0-456-287-3187
175,43,2-316-480-6017
176,10,4-171-088-8668
177,43,1-887-420-8736
178,29,3-751-620-8652
179,15,0-521-876-4464
180,56,8-127-171-0457
181,30,3-614-607-4586
182,72,8-780-517-6282
183,48,8-267-415-4687
184,25,5-173-700-0437
185,33,7-132-610-4464
186,39,3-803-221-0063
187,41,3-472-810-5338
188,30,7-264-836-8630
189,72,8-561-172-1787
190,32,3-742-580-8065
191,79,5-506-037-8482
192,30,3-835-074-7331
193,21,7-336-307-1865
194,51,7-503-187-4428
195,56,5-382-264-1488
196,56,0-053-002-6267
197,44,6-164-465-4460
198,78,0-582-141-7632
199,16,2-333-813-7534
200,16,0-056-231-3052
201,41,1-047-587-2852
202,16,2-252-323-6071
203,22,7-353-280-6182
204,69,6-426-521-4644
205,10,6-806-253-2828
206,27,2-408-448-2865
207,64,8-507-563-2755
208,34,7-244-508-3503
209,20,1-282-520-8227
210,51,4-451-863-5760
211,24,0-467-711-8185
212,40,6-165-450-5478
213,13,3-647-572-4161
214,17,5-110-073-5814
215,62,8-701-546-2453
216,17,6-333-512-8850
217,34,4-856-421-2267
218,65,6-075-085-8603
219,58,3-886-746-3766
220,58,7-861-417-0456
221,51,2-580-005-4582
222,47,3-336-848-8317
223,16,1-345-131-7234
224,24,5-636-121-8617
225,14,6-008-562-0777
226,54,5-821-642-8811
227,27,0-270-073-8437
228,15,3-224-133-6760
229,21,8-822-871-5877
230,32,8-108-370-1117
231,41,1-775-743-3151
232,17,5-106-221-4384
233,79,2-328-588-6070
234,15,0-563-341-2083
235,28,7-388-020-2272
236,40,1-362-530-7185
237,60,4-617-628-2001
238,25,8-067-666-1222
239,75,7-755-841-7613
240,30,1-240-783-1242
241,50,6-213-143-1420
242,71,5-334-824-7635
243,40,1-623-805-2508
244,59,3-652-717-8154
245,44,5-820-048-2561
246,45,1-023-562-4460
247,21,5-184-562-4177
248,78,7-521-151-6410
249,58,7-323-300-8703
250,69,4-367-352-3235
251,79,4-127-435-4125
252,29,4-711-781-6235
253,65,8-227-763-4627
254,26,6-134-476-1633
255,53,4-153-186-1448
256,28,0-763-804-1884
257,53,4-523-630-4853
258,56,0-827-466-1103
259,54,1-226-716-5687
260,50,5-340-443-3303
261,73,7-651-123-4151
262,37,1-356-878-0161
263,21,2-566-601-1838
264,18,5-433-533-0108
265,19,7-535-027-0548
266,50,4-561-384-6441
267,45,3-446-318-1658
268,14,5-416-574-1477
269,73,6-151-516-2481
270,44,6-064-468-8665
271,71,7-615-808-5650
272,22,4-644-854-6358
273,46,1-056-881-8463
274,70,0-024-857-0048
275,63,2-300-184-1754
276,73,3-267-405-7363
277,68,2-067-774-5174
278,43,7-075-120-3531
279,58,7-058-713-4827
280,20,1-628-176-4628
281,38,1-051-502-8708
282,67,2-460-484-4263
283,41,8-126-558-4017
284,67,4-288-882-1645
285,56,1-606-631-4611
286,45,7-522-036-0684
287,21,0-553-316-3454
288,71,4-265-021-3031
289,38,5-803-658-2286
290,22,7-704-470-1037
291,67,6-103-600-5316
292,43,0-368-525-4556
293,27,1-682-383-2125
294,51,4-442-706-6053
295,19,0-146-722-0371
296,16,0-723-743-7603
297,17,7-264-701-5271
298,27,3-547-051-6231
299,15,7-385-244-8737
300,48,5-622-557-2500
301,20,0-470-756-4056
302,43,1-436-324-8682
303,28,2-816-584-7365
304,64,6-301-534-8071
305,14,1-083-403-0146
306,78,3-071-081-3850
307,77,1-223-322-4604
308,49,8-123-345-1517
309,54,4-281-561-5082
310,29,6-068-221-3421
311,76,5-703-073-0467
312,17,3-170-884-0885
313,35,7-583-831-1184
314,70,6-651-527-8155
315,23,3-135-610-6165
316,38,8-800-458-3503
317,27,2-336-161-2060
318,65,0-540-866-8012
319,57,1-644-514-3612
320,38,6-344-433-1828
321,75,1-848-231-1064
322,38,2-557-160-8302
323,50,2-246-716-7743
324,56,5-503-813-0702
325,68,6-402-205-0685
326,12,8-327-865-6281
327,47,5-681-517-1050
328,33,1-456-828-6004
329,51,7-400-444-6245
330,50,0-334-140-2286
331,42,0-770-044-5233
332,20,0-664-030-6706
333,48,7-354-012-8650
334,54,6-467-803-6023
335,41,7-418-805-0121
336,54,7-850-043-4507
337,49,6-267-504-4816
338,46,0-306-084-4308
339,78,3-255-887-6652
340,56,3-630-655-6108
341,61,3-536-421-5263
342,33,4-858-307-4033
343,32,5-466-316-3371
344,27,5-123-353-5205
345,61,8-631-245-0200
346,13,5-320-808-5733
347,26,7-404-860-4706
348,59,7-517-108-4017
349,76,2-262-087-5213
350,65,4-105-051-4652
351,35,8-137-481-5501
352,61,0-648-114-6123
353,12,8-334-022-6822
354,73,4-012-871-3834
355,30,0-234-151-5738
356,16,4-653-736-6443
357,16,8-173-100-4713
358,64,7-653-161-1106
359,21,1-644-577-5725
360,78,7-637-332-3374
361,18,7-357-328-8352
362,41,4-480-278-5155
363,35,2-277-737-3136
364,26,1-015-355-1482
365,69,3-215-888-1625
366,17,3-110-772-1667
367,29,6-224-037-2083
368,49,1-142-344-8301
369,21,4-425-610-6378
370,53,6-412-330-4757
371,54,3-862-287-5008
372,45,1-148-761-3274
373,77,3-140-863-8662
374,65,4-733-024-5451
375,28,7-151-343-5367
376,18,4-663-607-3853
377,12,2-720-284-6811
378,65,1-151-353-6827
379,31,4-183-772-1648
380,45,1-224-211-2481
381,45,3-503-260-8804
382,15,8-081-880-5208
383,13,2-747-147-5030
384,20,6-888-404-1725
385,23,1-034-751-2600
386,43,2-164-170-5064
387,73,0-002-562-0225
388,16,0-273-163-6836
389,32,2-008-101-4543
390,64,4-868-601-8463
391,75,0-532-268-5370
392,46,6-272-114-5708
393,27,8-488-267-5607
394,45,5-717-473-6812
395,41,1-873-160-0602
396,70,7-035-847-5335
397,27,0-600-523-7146
398,30,7-438-877-4428
399,41,3-763-350-7252
400,46,6-034-646-3317
401,48,0-865-406-6656
402,67,4-835-388-1171
403,74,3-370-540-2813
404,43,8-322-857-0358
405,68,1-083-153-1671
406,24,2-611-437-3586
407,11,6-625-014-7387
408,47,5-603-617-1108
409,26,3-558-742-1386
410,41,2-715-237-3755
411,65,2-353-157-5701
412,40,4-587-561-5051
413,73,0-277-253-7075
414,35,8-707-105-1660
415,53,3-861-407-6263
416,72,6-031-523-6858
417,64,5-348-881-2123
418,35,7-238-080-1410
419,19,6-353-225-7885
420,15,5-763-406-3503
421,32,8-360-472-3222
422,48,3-607-554-8623
423,23,2-653-454-6024
424,69,5-520-517-2510
425,65,0-770-445-5847
426,67,1-875-754-0211
427,13,3-324-415-0672
428,55,7-415-687-1738
429,59,3-130-585-7566
430,24,1-007-860-3517
431,34,3-733-202-8351
432,36,7-536-230-0783
433,58,7-020-250-1205
434,64,5-144-467-5768
435,33,2-301-164-4454
436,27,7-157-400-6851
437,13,7-450-177-0077
438,77,4-785-412-8626
439,29,0-816-523-5103
440,62,1-426-641-8363
441,56,1-417-313-5628
442,24,6-137-416-4413
443,12,7-512-167-3545
444,21,0-428-578-7410
445,55,0-342-871-8010
446,59,0-130-355-1426
447,77,7-676-155-6541
448,65,2-546-260-7458
449,45,3-838-471-6544
450,19,0-364-530-4857
451,70,0-786-173-2723
452,30,1-617-342-6136
453,69,0-521-445-6047
454,59,7-356-012-6032
455,75,1-214-306-6106
456,47,5-263-661-5748
457,74,7-468-087-5238
458,28,2-020-705-7600
459,65,4-803-160-6225
460,71,3-761-202-2240
461,53,3-176-711-7483
462,14,8-335-220-0435
463,74,3-445-774-0830
464,14,7-280-073-4451
465,73,5-500-381-8483
466,37,6-586-321-5336
467,76,3-805-814-7258
468,20,7-358-204-8843
469,40,7-601-444-2806
470,45,8-483-440-1578
471,78,6-133-768-7557
472,28,0-236-061-6600
473,61,0-144-327-0713
474,28,1-142-088-2662
475,19,1-207-512-5152
476,53,1-433-663-8715
477,69,2-857-160-2833
478,16,1-835-771-5770
479,53,4-548-232-0625
480,58,5-433-506-7132
481,64,3-600-088-3883
482,51,1-005-132-7360
483,34,3-687-114-1365
484,47,2-186-216-5171
485,44,8-166-033-6665
486,31,8-026-412-4442
487,74,3-552-841-5447
488,78,4-600-387-4566
489,23,7-018-568-4763
490,41,6-161-407-4221
491,60,1-205-573-6733
492,69,3-287-431-7352
493,25,1-584-828-4837
494,35,5-380-365-3687
495,29,0-087-133-4873
496,76,7-764-378-8451
497,17,3-135-874-2754
498,72,2-034-033-6881
499,48,8-188-887-3783
500,14,0-641-311-1372
501,34,4-371-231-4876
502,70,8-427-700-3524
503,31,7-227-781-0753
504,49,0-614-680-1051
505,72,7-233-776-2752
506,78,0-260-658-3167
507,22,7-556-132-2038
508,46,4-610-716-4313
509,40,2-044-576-0415
510,30,2-004-208-6314
511,73,3-848-026-5113
512,24,7-752-680-3187
513,70,1-113-260-1450
514,57,3-601-380-0576
515,47,3-583-016-4157
516,72,1-324-026-2688
517,76,8-781-762-2450
518,58,6-602-754-6700
519,15,6-483-037-3604
520,24,2-453-353-4257
521,39,1-330-310-7774
522,31,7-810-758-5170
523,34,8-032-646-1641
524,58,0-685-863-3025
525,41,3-356-512-3300
526,32,6-703-035-2648
527,17,5-364-462-6487
528,35,7-044-263-0567
529,17,5-826-626-8341
530,27,4-685-637-6064
531,17,7-008-184-8457
532,44,3-582-288-2720
533,43,7-631-700-7417
534,55,1-674-026-7832
535,16,4-440-612-5051
536,38,4-203-408-2620
537,50,0-425-415-4426
538,34,5-812-825-5438
539,61,1-238-303-1380
540,24,8-507-068-2567
541,44,7-524-640-5544
542,24,6-603-858-5883
543,33,2-657-461-4480
544,63,6-838-835-3170
545,32,5-428-724-8281
546,75,8-118-386-7526
547,12,1-864-201-3622
548,75,3-162-304-7640
549,64,2-681-015-3727
550,68,4-051-672-5825
551,26,2-445-673-6882
552,52,0-024-570-0276
553,34,3-207-237-0167
554,49,6-058-818-4601
555,61,4-700-148-3711
556,39,7-434-024-2167
557,49,2-111-815-2122
558,41,3-785-736-4710
559,40,6-444-585-7837
560,79,3-645-572-4180
561,28,3-736-826-0064
562,42,6-162-644-8082
563,18,8-188-852-6310
564,63,4-776-668-5208
565,39,1-075-401-4527
566,70,3-714-360-4087
567,70,6-623-857-8147
568,74,6-513-851-1083
569,73,5-425-833-1187
570,62,6-748-476-7026
571,65,4-643-657-7336
572,41,3-286-156-7645
573,18,0-261-247-3630
574,30,8-835-103-3005
575,23,8-863-480-0032
576,47,8-557-436-8157
577,22,1-156-110-0542
578,30,7-477-301-5676
579,50,4-486-358-2141
580,38,3-288-327-3220
581,10,5-841-324-2401
582,55,2-250-481-3233
583,16,1-213-822-1370
584,42,0-778-878-2025
585,12,5-773-166-1430
586,19,0-121-781-3218
587,58,0-133-418-7616
588,20,3-806-178-5768
589,70,4-741-017-3812
590,75,2-263-413-7316
591,72,8-423-127-3247
592,57,5-774-322-2514
593,69,1-516-204-3051
594,51,8-325-285-7306
595,51,2-840-842-6832
596,50,0-102-845-8625
597,78,0-586-453-0853
598,36,5-434-335-4155
599,20,7-378-368-0248
600,35,4-522-016-4666
601,47,0-152-517-3877
602,18,7-461-630-0408
603,61,1-248-813-1627
604,29,0-631-643-6714
605,47,4-462-550-0180
606,35,5-747-354-5530
607,10,0-838-628-0784
608,40,3-150-271-1505
609,66,0-431-687-0462
610,59,2-038-804-6304
611,28,0-337-273-0358
612,20,7-638-038-5786
613,24,3-225-473-0001
614,29,4-075-313-6010
615,22,6-558-073-0514
616,12,5-754-180-7503
617,14,5-226-401-1107
618,69,2-481-605-3570
619,45,5-851-025-5243
620,63,5-654-027-4861
621,56,0-804-384-6260
622,53,4-818-425-6015
623,14,4-033-844-7670
624,23,1-012-054-7580
625,13,0-706-035-7280
626,33,5-176-127-5787
627,41,0-363-574-4032
628,16,4-762-228-1876
629,71,7-752-031-1055
630,62,6-124-442-1861
631,34,4-435-054-2575
632,70,2-136-100-8205
633,13,8-463-548-1527
634,47,0-414-030-8531
635,32,0-507-620-4825
636,47,8-051-732-0385
637,56,8-478-863-5233
638,79,4-033-135-6755
639,14,6-801-018-1838
640,22,3-152-802-4656
641,61,0-870-387-2871
642,77,5-150-310-0128
643,79,6-277-303-0221
644,19,2-878-562-5856
645,60,4-114-555-6872
646,15,1-878-316-2836
647,43,2-143-030-1503
648,24,7-745-631-4567
649,53,7-217-836-0351
650,42,0-165-714-0460
651,46,6-044-227-5285
652,62,1-211-237-1604
653,51,6-454-260-1160
654,65,8-161-751-1404
655,51,8-361-777-6587
656,63,5-325-745-3131
657,17,5-630-730-6804
658,67,8-822-731-8384
659,43,2-530-404-4154
660,22,4-672-716-5745
661,69,1-256-116-5286
662,30,8-828-505-2307
663,16,5-801-275-7848
664,24,4-628-878-5042
665,73,8-707-823-0341
666,27,1-533-283-3003
667,69,6-534-120-0612
668,36,7-785-076-0507
669,33,4-530-177-8410
670,28,8-781-304-8205
671,35,0-622-232-5600
672,49,7-077-328-5756
673,26,8-554-480-4088
674,43,4-460-834-7732
675,35,1-658-085-4803
676,57,6-617-055-7032
677,67,5-763-183-4223
678,66,3-030-344-4183
679,26,2-561-742-7363
680,26,1-120-574-4224
681,12,1-445-775-5440
682,45,1-167-853-5617
683,23,1-372-488-8160
684,29,8-684-066-6178
685,40,0-546-883-0523
686,41,0-205-513-3147
687,31,5-748-300-3432
688,72,3-101-385-6244
689,63,5-110-342-5711
690,13,3-354-288-5011
691,40,0-102-710-1363
692,29,8-000-150-2087
693,77,2-042-476-3868
694,24,4-876-186-5035
695,24,8-844-183-0308
696,62,6-654-082-1074
697,22,7-310-218-8423
698,51,3-110-377-3000
699,42,2-140-041-1325
700,67,6-371-182-3201
701,72,7-172-811-7267
702,16,5-870-111-0432
703,79,0-520-651-1052
704,69,5-712-174-0465
705,27,0-220-713-3872
706,34,8-006-450-8503
707,26,0-876-824-2088
708,41,2-027-278-6572
709,20,7-658-555-0700
710,75,3-546-382-8054
711,43,2-156-055-1558
712,20,5-554-385-1834
713,57,3-236-430-1205
714,42,8-782-472-6630
715,67,2-751-024-8683
716,64,2-761-567-5814
717,42,8-351-078-0253
718,60,7-818-556-8418
719,55,1-100-447-1212
720,58,5-287-024-6483
721,58,4-882-348-6308
722,74,6-757-613-6542
723,29,6-881-621-1634
724,50,4-577-142-5381
725,20,6-682-460-0564
726,43,5-601-771-2382
727,19,3-541-168-7673
728,11,2-860-348-7022
729,38,4-174-677-6377
730,74,1-877-666-6287
731,71,1-187-840-0315
732,10,7-308-855-3068
733,39,5-112-540-4283
734,50,7-868-664-8378
735,33,6-765-346-3242
736,70,3-748-006-8830
737,13,8-653-180-6175
738,65,6-317-102-2685
739,79,1-582-103-2666
740,54,7-313-446-5161
741,54,7-778-163-8151
742,49,8-650-320-8550
743,64,7-871-107-4324
744,32,2-318-374-1253
745,60,8-518-518-2700
746,26,8-170-751-5227
747,12,1-057-074-2402
748,48,8-772-214-2280
749,19,8-325-473-5707
750,47,4-028-476-7821
751,10,7-820-656-1048
752,55,4-866-556-7026
753,25,8-474-111-6126
754,50,4-371-353-0154
755,44,0-012-438-4200
756,27,7-208-214-1111
757,30,7-534-750-3023
758,14,8-827-323-3253
759,20,4-460-122-7784
760,73,8-455-061-4788
761,40,8-578-770-1128
762,34,8-827-841-0337
763,73,5-624-373-4421
764,43,3-300-736-6425
765,17,4-342-780-5782
766,15,5-463-837-6763
767,52,4-110-503-3110
768,15,2-065-145-4083
769,35,5-370-482-6886
770,53,6-086-488-3450
771,67,6-142-184-5673
772,30,2-382-821-3308
773,25,5-781-088-8283
774,31,3-850-317-7553
775,21,8-641-464-5126
776,28,8-256-848-3057
777,79,6-082-205-8471
778,34,4-635-461-1120
779,16,4-080-501-3743
780,40,6-130-567-1022
781,21,0-372-457-4076
782,23,1-523-674-0388
783,32,3-043-480-2760
784,29,1-771-683-7418
785,13,4-342-626-0448
786,42,1-380-743-3502
787,67,8-224-407-1048
788,17,4-644-087-5830
789,35,8-388-744-4152
790,39,8-243-563-5374
791,17,8-735-158-4285
792,19,0-835-048-7405
793,65,3-381-038-0770
794,76,1-725-661-0533
795,63,3-658-855-7252
796,69,5-747-842-1734
797,22,1-316-851-8016
798,32,7-012-116-4538
799,74,2-301-118-8236
800,45,4-876-437-3018
801,77,2-085-685-7423
802,52,4-867-270-3266
803,27,3-001-447-1307
804,22,1-212-780-1521
805,44,5-012-056-5262
806,61,8-328-322-4155
807,78,5-653-546-0755
808,46,3-506-318-4043
809,38,5-072-063-8315
810,33,8-206-017-3665
811,63,1-408-518-1316
812,47,6-301-150-1867
813,18,1-237-505-7401
814,47,5-322-148-7448
815,57,1-511-537-4686
816,36,6-143-470-5245
817,63,2-784-685-6265
818,75,7-421-257-5685
819,12,8-525-423-5037
820,65,3-266-300-8454
821,11,5-735-680-3284
822,22,6-820-287-4646
823,78,8-125-854-3020
824,49,8-780-234-3748
825,40,6-055-602-1136
826,45,6-345-410-4861
827,45,0-712-831-3178
828,72,0-850-873-4142
829,70,8-885-334-0705
830,71,7-827-122-8455
831,48,4-050-253-4423
832,11,3-486-270-8361
833,75,5-527-132-3231
834,35,7-472-603-5513
835,56,3-456-561-6853
836,53,3-431-886-0358
837,65,0-612-352-3254
838,54,6-575-134-2017
839,21,6-155-432-6576
840,66,4-723-283-6064
841,35,1-078-156-7805
842,29,8-587-368-7881
843,33,1-180-710-8624
844,36,5-258-178-3103
845,57,0-433-653-1847
846,79,6-506-865-6142
847,16,0-050-061-1620
848,31,6-620-723-0351
849,47,7-144-354-4122
850,59,8-211-362-4560
851,27,4-588-016-3712
852,76,2-560-640-3340
853,43,0-265-368-0010
854,67,6-430-588-7017
855,62,0-170-557-8537
856,68,4-081-127-1483
857,27,0-064-514-8385
858,31,7-733-302-2555
859,50,8-766-261-1748
860,52,7-333-883-4352
861,33,8-473-505-4414
862,67,4-656-744-3774
863,76,6-736-111-2437
864,66,8-646-841-6748
865,24,2-658-174-0876
866,69,5-832-012-0876
867,13,0-633-570-2713
868,37,4-115-767-0051
869,78,0-755-282-4058
870,36,3-041-630-4407
871,68,0-511-858-3543
872,67,1-488-783-7262
873,67,2-635-553-0875
874,55,6-043-546-8658
875,29,3-155-584-2338
876,26,2-270-037-3731
877,64,3-027-021-5701
878,40,0-630-222-2120
879,33,6-683-743-0872
880,52,6-621-223-1038
881,28,8-715-085-0880
882,31,2-772-614-1462
883,45,0-108-782-2653
884,78,3-708-216-7587
885,44,4-048-776-1455
886,74,8-628-575-5378
887,74,0-483-047-0344
888,63,4-238-814-6100
889,49,8-617-310-5147
890,35,7-300-645-3244
891,37,3-562-316-8333
892,38,2-862-475-8300
893,46,0-386-462-4174
894,64,3-720-778-4866
895,66,7-383-758-2421
896,78,1-846-082-4487
897,52,5-504-155-3517
898,24,7-854-712-1627
899,69,3-230-323-8427
900,29,5-317-663-0127
901,18,3-662-568-3621
902,70,2-583-786-4138
903,36,0-348-876-1325
904,58,5-027-344-3225
905,17,7-811-428-0722
906,28,1-848-484-8827
907,63,6-816-750-6631
908,74,5-550-258-2705
909,38,8-572-761-5134
910,54,1-211-244-7742
911,75,3-352-358-6266
912,28,6-770-156-2088
913,10,4-602-465-4288
914,44,0-815-473-3583
915,40,6-462-607-3356
916,55,4-514-128-7730
917,23,3-172-553-5255
918,11,0-262-050-3140
919,69,5-713-855-2348
920,54,1-567-213-8813
921,75,4-672-268-7086
922,69,3-056-825-5300
923,45,7-218-117-3327
924,22,6-306-414-2774
925,25,5-685-475-4623
926,14,4-058-024-1148
927,54,2-812-465-0683
928,45,1-174-634-4881
929,43,4-515-330-0623
930,55,6-388-532-5517
931,73,3-847-845-3656
932,74,5-053-736-7717
933,33,3-475-547-3621
934,42,8-202-608-0502
935,50,6-872-380-1013
936,42,5-061-631-3814
937,50,2-417-276-3128
938,59,6-586-183-7856
939,56,2-621-786-5410
940,73,7-282-382-3104
941,18,3-318-766-5745
942,51,4-542-522-4508
943,77,0-038-324-2116
944,45,7-676-430-3627
945,65,4-077-604-3417
946,61,2-714-823-2783
947,68,4-481-842-6253
948,36,4-641-630-5704
949,61,1-533-848-4582
950,30,0-238-814-5370
951,25,7-154-878-4820
952,36,1-876-677-4411
953,36,8-166-473-3514
954,59,8-457-872-7207
955,76,2-784-046-5024
956,63,0-280-757-8317
957,25,2-846-730-8373
958,62,8-720-386-5877
959,60,7-285-275-1861
960,15,8-065-153-2711
961,12,2-644-412-4177
962,53,4-464-126-1521
963,34,1-042-348-5072
964,47,3-067-368-1211
965,56,8-704-383-0512
966,40,5-805-814-5111
967,18,5-868-380-0773
968,48,4-320-428-2622
969,42,6-220-554-6688
970,47,1-465-025-6441
971,46,8-308-183-2522
972,17,6-031-367-5468
973,13,4-314-548-1061
974,20,4-447-457-8157
975,79,8-337-550-2404
976,64,6-851-300-0825
977,66,1-007-707-7514
978,26,0-144-575-4060
979,54,8-641-570-5655
980,53,4-234-151-4330
981,27,4-430-516-3837
982,18,4-617-184-4480
983,37,4-124-542-4525
984,19,3-085-725-0328
985,46,3-333-846-5405
986,47,7-274-134-2003
987,16,8-861-280-1160
988,26,1-750-486-3436
989,52,4-180-763-2824
990,12,7-534-833-1153
991,31,6-361-305-4106
992,18,8-033-362-7342
993,75,5-130-053-8752
994,39,0-288-687-7724
995,76,0-063-248-1175
996,29,5-545-572-3782
997,15,7-314-630-2548
998,76,7-052-602-2652
999,16,3-110-811-1665
1000,73,3-446-626-1557
1001,50,1-056-603-1000
1002,44,2-033-271-1467
1003,27,4-453-814-7357
1004,70,4-336-237-3384
1005,53,7-276-360-4231
1006,23,4-828-420-5248
1007,71,3-471-837-4885
1008,60,2-636-425-1122
1009,37,0-771-873-3383
1010,76,7-857-461-4346
1011,68,7-318-766-1130
1012,11,5-651-513-2347
1013,45,6-754-060-5102
1014,49,6-345-216-4851
1015,63,0-081-134-3451
1016,12,1-104-347-5403
1017,25,6-681-634-1574
1018,77,6-737-470-0144
1019,19,0-104-652-8664
1020,39,3-360-003-2616
1021,48,0-805-820-2270
1022,45,3-030-542-0383
1023,19,1-081-013-8444
1024,63,4-503-621-4216
1025,14,5-262-761-0584
1026,75,2-711-300-7555
1027,76,3-731-777-8285
1028,64,4-106-231-4100
1029,68,0-812-174-8667
1030,10,3-016-145-3236
1031,23,8-341-407-2640
1032,71,6-573-350-6302
1033,31,1-435-464-6282
1034,66,3-346-842-8828
1035,50,6-185-307-8018
1036,79,5-170-835-7200
1037,15,1-268-733-7478
1038,28,7-722-137-1341
1039,63,5-284-612-5174
1040,17,2-705-704-6252
1041,16,0-258-276-6083
1042,50,4-702-420-8310
1043,33,2-132-834-0073
1044,43,5-232-160-3440
1045,78,8-120-436-7226
1046,12,4-366-425-5356
1047,24,7-765-157-6032
1048,69,1-446-151-2536
1049,61,0-281-835-3301
1050,58,5-065-308-1175
1051,76,7-847-345-4085
1052,74,6-665-784-1270
1053,17,8-575-355-1683
1054,14,8-688-365-5367
1055,63,2-232-335-0738
1056,64,5-003-341-7256
1057,12,8-465-136-1702
1058,21,2-262-232-4713
1059,35,6-118-483-5533
1060,72,6-073-678-4771
1061,20,6-848-311-6137
1062,75,2-657-655-8875
1063,28,4-770-175-7001
1064,55,4-423-156-3181
1065,75,1-171-222-8224
1066,52,2-142-708-2583
1067,25,3-162-120-5687
1068,12,0-356-723-1850
1069,74,0-351-883-2757
1070,14,4-870-188-3342
1071,40,3-132-512-6071
1072,63,6-856-541-4441
1073,68,4-200-664-5017
1074,63,4-066-218-6603
1075,28,2-177-278-7057
1076,28,1-203-355-4172
1077,46,7-413-540-4866
1078,46,7-622-186-7134
1079,15,1-531-371-4828
1080,63,5-525-432-3444
1081,55,2-331-032-4801
1082,79,1-700-525-5656
1083,49,6-127-015-5068
1084,13,4-834-847-5323
1085,59,2-172-888-6574
1086,76,0-437-458-3705
1087,56,7-051-611-3654
1088,71,2-261-623-6334
1089,43,1-807-387-2513
1090,65,3-684-512-4045
1091,25,7-765-582-3500
1092,69,0-306-612-1786
1093,79,3-702-183-5378
1094,45,2-255-801-2604
1095,27,0-467-133-8061
1096,64,7-825-634-2453
1097,45,4-527-742-3371
1098,59,2-548-483-5077
1099,73,7-452-527-4012
1100,49,1-415-373-0743
1101,15,8-464-173-5730
1102,33,8-861-065-1287
1103,76,7-712-471-2143
1104,11,4-231-666-7476
1105,43,0-180-717-0676
1106,31,6-110-271-3466
1107,64,2-435-104-8161
1108,32,7-038-632-5504
1109,47,5-655-528-2417
1110,37,6-276-261-0071
1111,23,3-261-401-2888
1112,39,3-737-677-6201
1113,38,4-437-844-7532
1114,34,5-673-853-7232
1115,41,3-321-838-3025
1116,75,6-324-317-0501
1117,79,0-466-521-0284
1118,48,1-271-372-2085
1119,54,2-741-527-3121
1120,41,6-266-146-7773
1121,13,2-556-687-1703
1122,61,7-848-013-7133
1123,21,0-415-177-4437
1124,77,5-152-305-5708
1125,23,0-676-347-7145
1126,27,6-288-282-3143
1127,72,5-131-673-0484
1128,44,0-108-486-1424
1129,17,1-537-740-5380
1130,27,1-603-146-7738
1131,21,8-271-613-2520
1132,18,3-420-781-0077
1133,65,7-308-552-6618
1134,43,6-771-475-7680
1135,53,2-688-271-0402
1136,38,0-358-023-1572
1137,12,1-851-200-7346
1138,74,6-337-070-5431
1139,21,2-564-470-3387
1140,36,2-073-040-5562
1141,56,7-516-764-6738
1142,54,2-534-334-7504
1143,10,0-550-244-4205
1144,74,5-356-305-7111
1145,41,1-422-140-7016
1146,22,0-332-732-1838
1147,12,6-734-457-7318
1148,67,2-237-077-3645
1149,10,6-206-804-6415
1150,32,0-534-276-8358
1151,50,8-411-543-2137
1152,20,5-183-522-0606
1153,43,4-207-665-1247
1154,39,7-300-731-6617
1155,23,8-221-287-8655
1156,29,4-444-767-1244
1157,30,1-223-806-2488
1158,37,3-373-576-2674
1159,34,7-580-367-3688
1160,12,6-486-837-4510
1161,37,7-354-725-3674
1162,32,1-586-045-4476
1163,14,7-822-806-6442
1164,76,1-354-353-7865
1165,27,3-041-458-0545
1166,66,8-236-176-5385
1167,56,7-107-480-1308
1168,73,4-518-512-5774
1169,15,1-550-887-4472
1170,32,4-056-333-8341
1171,46,6-782-607-8606
1172,66,2-023-233-6273
1173,48,5-513-356-5413
1174,14,0-463-835-4273
1175,39,1-858-032-7346
1176,18,7-440-202-1523
1177,60,6-078-182-7162
1178,42,8-650-755-5755
1179,39,7-412-417-7582
1180,13,5-254-178-1201
1181,50,4-120-577-0431
1182,57,6-828-837-0444
1183,50,8-138-631-6356
1184,31,8-726-015-1186
1185,27,5-817-100-8660
1186,36,4-730-232-1180
1187,15,0-182-823-0403
1188,59,2-242-475-1782
1189,24,6-586-650-5817
1190,13,1-603-288-3466
1191,76,7-853-372-1865
1192,33,2-537-077-0441
1193,63,7-277-076-0708
1194,59,8-510-761-3160
1195,59,5-035-864-3775
1196,20,8-411-044-2658
1197,38,5-627-375-1111
1198,77,4-111-548-0000
1199,36,4-035-178-8088
1200,23,4-608-240-7216
1201,71,3-361-673-5572
1202,33,4-882-127-4186
1203,71,4-875-020-3342
1204,66,1-722-535-5364
1205,34,4-650-216-3676
1206,64,0-743-678-8511
1207,37,0-586-304-6340
1208,33,5-001-670-3041
1209,66,8-175-646-3420
1210,58,2-005-383-5616
1211,59,7-726-072-5307
1212,24,2-807-656-3038
1213,58,7-480-050-6416
1214,72,2-836-842-1173
1215,42,8-470-336-4858
1216,47,7-247-016-0115
1217,64,2-034-074-0041
1218,55,6-820-428-6078
1219,59,0-310-022-6707
1220,36,8-131-074-2071
1221,13,7-657-176-3164
1222,58,5-386-247-5181
1223,31,8-751-356-2201
1224,35,6-358-332-1564
1225,57,7-605-058-8428
1226,29,2-505-024-5150
1227,66,8-726-585-1382
1228,60,4-125-127-3326
1229,66,3-513-274-2525
1230,23,3-125-667-2220
1231,75,0-738-763-5032
1232,10,7-285-400-1402
1233,10,8-266-345-1513
1234,39,4-438-801-8727
1235,38,6-261-174-8430
1236,49,8-614-713-5850
1237,76,5-123-831-5328
1238,21,6-386-638-0478
1239,26,7-506-714-1174
1240,13,5-001-231-5607
1241,42,1-675-604-7105
1242,30,2-362-768-8880
1243,57,2-660-634-7754
1244,18,2-841-368-4477
1245,73,6-770-085-2512
1246,74,2-307-564-6758
1247,72,2-741-851-4873
1248,70,4-378-014-0557
1249,76,6-086-200-0887
1250,22,3-320-078-3012
1251,20,8-565-172-5054
1252,72,5-417-738-5555
1253,51,8-307-538-4776
1254,61,2-380-511-6833
1255,47,6-055-264-3016
1256,59,6-405-580-7634
1257,36,3-784-375-4050
1258,44,7-221-236-1613
1259,21,0-508-347-2422
1260,38,6-881-425-1356
1261,36,6-852-636-2474
1262,67,6-504-668-5073
1263,33,4-463-416-4762
1264,41,8-451-588-8404
1265,69,1-145-502-7427
1266,22,6-262-088-0355
1267,23,0-600-847-3072
1268,39,6-077-348-6644
1269,32,2-584-144-5425
1270,71,0-278-341-7025
1271,75,1-157-584-5266
1272,33,5-314-257-4486
1273,17,5-821-252-0083
1274,11,7-685-685-2443
1275,12,2-553-313-1341
1276,56,5-225-362-5016
1277,54,6-265-335-1528
1278,57,0-858-515-2428
1279,41,5-877-170-1885
1280,19,3-760-800-3355
1281,44,0-307-531-4220
1282,40,5-687-176-1344
1283,65,4-533-140-8337
1284,66,6-245-707-0633
1285,27,1-225-841-4722
1286,79,8-636-100-1800
1287,75,2-132-630-1112
1288,73,2-407-228-4845
1289,14,6-086-223-0122
1290,64,1-774-117-7434
1291,60,0-185-150-6424
1292,52,4-277-616-8126
1293,37,4-426-665-2515
1294,14,2-675-252-7318
1295,72,3-802-644-7341
1296,59,2-207-618-2674
1297,11,2-065-080-2433
1298,60,5-351-575-7513
1299,79,4-311-251-5308
1300,57,6-874-471-7821
1301,32,5-767-163-1660
1302,51,7-807-172-4483
1303,59,0-126-840-1174
1304,42,8-335-668-0716
1305,49,7-261-057-6387
1306,10,4-511-573-8348
1307,68,3-576-837-7368
1308,56,7-715-871-8431
1309,12,5-730-761-2377
1310,36,7-178-105-6643
1311,66,5-705-383-8371
1312,18,8-686-552-8076
1313,64,0-173-742-0353
1314,12,6-584-478-8060
1315,35,1-711-246-7025
1316,30,0-818-406-3388
1317,11,5-631-776-2142
1318,78,3-178-750-4853
1319,53,6-030-850-1704
1320,45,0-482-421-5514
1321,37,2-747-840-0264
1322,68,3-634-400-2527
1323,32,5-786-470-4406
1324,17,0-123-041-3017
1325,66,7-504-026-8021
1326,18,4-354-683-2824
1327,29,7-621-032-4817
1328,68,7-541-270-7017
1329,56,8-650-647-5176
1330,31,0-575-861-3565
1331,20,4-101-152-5851
1332,34,7-263-215-0711
1333,56,8-483-830-1044
1334,51,4-634-403-4347
1335,55,8-703-052-3031
1336,62,6-854-402-2617
1337,49,7-146-762-3623
1338,21,2-614-115-1456
1339,54,4-703-247-7845
1340,74,1-442-160-4441
1341,61,8-715-460-1372
1342,73,5-711-341-6112
1343,56,5-206-520-0624
1344,42,2-222-435-3255
1345,27,5-710-235-6448
1346,29,5-250-621-3368
1347,17,2-826-573-8571
1348,60,1-062-668-7205
1349,25,7-458-327-8807
1350,35,1-705-005-7178
1351,57,4-865-707-1207
1352,20,2-442-826-1231
1353,70,6-272-360-0584
1354,44,5-208-150-0883
1355,51,4-388-073-0678
1356,48,2-474-875-2806
1357,55,1-785-208-6717
1358,11,6-187-436-7346
1359,59,6-510-315-3527
1360,26,7-676-816-0576
1361,66,8-764-382-5117
1362,60,8-736-543-4368
1363,64,5-071-750-8721
1364,47,3-105-010-5707
1365,16,6-841-323-2788
1366,33,0-164-188-5683
1367,41,3-641-528-5174
1368,68,1-754-875-3265
1369,72,4-548-113-7507
1370,53,7-255-021-2583
1371,32,2-367-282-5156
1372,13,7-830-361-1086
1373,55,1-028-522-5115
1374,65,4-556-713-2456
1375,21,8-088-612-3605
1376,20,5-208-217-6255
1377,67,0-438-530-5318
1378,47,2-270-720-3830
1379,43,0-483-607-2407
1380,24,7-372-806-4345
1381,10,2-770-417-6477
1382,17,3-573-250-2361
1383,44,4-648-551-5781
1384,77,1-772-216-8568
1385,30,1-316-435-5534
1386,62,6-808-622-3471
1387,38,7-682-818-6717
1388,26,3-303-352-7305
1389,33,1-712-347-2277
1390,65,3-253-378-5174
1391,33,1-707-420-7050
1392,14,0-523-248-4520
1393,15,8-835-101-3271
1394,52,4-868-686-6253
1395,68,4-425-786-7787
1396,55,8-460-466-1367
1397,33,6-075-527-3450
1398,52,7-552-127-4108
1399,26,2-525-723-6687
1400,64,1-124-131-3302
1401,71,1-301-821-5052
1402,76,0-252-138-8671
1403,11,0-336-857-1334
1404,38,2-273-626-5723
1405,71,7-810-131-2201
1406,47,7-363-604-5710
1407,72,4-414-041-6858
1408,11,3-700-111-1124
1409,30,4-286-670-5824
1410,55,1-626-745-2460
1411,76,0-436-076-1078
1412,62,5-480-421-0237
1413,43,7-335-616-7285
1414,28,3-340-535-3741
1415,29,5-472-586-5687
1416,61,3-147-004-5755
1417,15,6-047-645-2110
1418,20,3-423-205-4576
1419,39,7-726-043-8764
1420,47,3-771-244-2033
1421,47,7-037-014-8208
1422,74,1-825-612-5068
1423,35,1-320-243-4368
1424,78,0-576-241-2888
1425,32,2-848-064-0106
1426,57,8-367-634-4825
1427,20,2-534-454-1387
1428,35,8-346-277-0717
1429,68,7-254-442-8336
1430,44,3-845-542-8528
1431,36,8-711-342-0655
1432,25,0-867-570-4682
1433,31,3-243-872-5315
1434,55,3-147-056-7324
1435,53,6-336-236-8476
1436,22,0-817-207-7304
1437,37,2-140-248-0675
1438,41,4-528-451-4436
1439,22,4-842-361-6883
1440,15,8-668-864-2263
1441,60,6-837-808-8424
1442,32,0-650-584-4118
1443,64,8-146-847-7474
1444,46,2-367-035-6138
1445,26,0-353-174-4857
1446,61,4-108-367-1106
1447,24,1-646-525-4126
1448,42,8-356-285-6502
1449,66,3-624-560-8632
1450,45,2-785-024-2450
1451,11,0-081-485-0363
1452,71,0-084-266-4014
1453,41,0-062-402-6524
1454,48,6-846-621-4304
1455,77,3-007-758-8541
1456,43,1-342-461-7536
1457,32,2-867-880-8467
1458,43,0-480-258-2605
1459,35,6-706-763-8365
1460,70,7-085-328-3401
1461,11,7-048-345-2331
1462,17,7-307-371-3702
1463,27,5-374-017-5608
1464,64,1-358-134-4876
1465,13,1-105-871-6723
1466,14,5-022-443-7425
1467,76,2-224-563-7562
1468,65,0-168-818-8042
1469,12,1-183-385-8513
1470,58,4-510-844-8732
1471,36,7-482-267-7823
1472,39,7-835-121-8703
1473,29,8-704-032-6755
1474,77,0-258-246-2162
1475,74,1-764-235-7053
1476,40,6-365-864-2335
1477,77,5-252-210-1503
1478,24,5-634-068-3722
1479,73,6-024-204-6167
1480,11,6-248-517-5858
1481,26,2-026-420-3864
1482,29,8-485-560-8837
1483,58,2-066-358-1001
1484,26,7-717-530-8710
1485,12,1-202-402-7143
1486,45,4-303-721-7367
1487,62,4-124-377-1064
1488,22,5-660-630-2462
1489,27,3-614-816-4326
1490,35,6-742-624-7776
1491,18,5-118-652-7700
1492,58,6-317-006-3822
1493,70,7-651-143-5808
1494,65,8-677-884-6775
1495,33,1-577-032-2821
1496,75,0-053-646-5338
1497,33,1-838-750-0120
1498,50,6-445-758-6577
1499,71,2-102-088-6645
1500,21,8-242-107-6005
1501,22,8-077-416-3045
1502,54,5-601-227-2735
1503,47,1-544-007-2473
1504,76,1-124-620-4676
1505,42,0-546-132-5426
1506,71,6-228-520-6300
1507,23,8-354-217-2703
1508,39,5-101-474-7346
1509,38,0-073-600-8526
1510,70,7-622-330-6773
1511,43,2-814-516-4514
1512,22,2-447-847-3313
1513,63,4-138-305-1630
1514,68,7-533-412-5208
1515,72,8-173-000-0538
1516,38,6-614-524-8350
1517,33,0-372-864-4140
1518,24,1-115-202-3586
1519,62,0-708-504-2143
1520,58,1-707-842-2682
1521,35,1-753-356-0601
1522,18,5-571-060-6744
1523,42,8-330-640-1466
1524,68,3-074-620-1682
1525,33,6-118-854-6313
1526,10,1-522-005-8786
1527,78,7-485-327-8103
1528,54,2-028-104-1672
1529,17,0-705-324-6310
1530,39,5-820-337-0258
1531,76,7-667-442-0175
1532,55,2-157-552-1072
1533,31,6-372-017-3717
1534,52,5-527-702-6357
1535,27,6-045-368-8331
1536,13,6-888-026-1201
1537,76,3-328-548-0544
1538,78,6-181-171-2410
1539,72,0-260-758-6742
1540,10,4-838-303-1302
1541,68,2-583-783-1238
1542,30,6-718-571-1885
1543,28,4-273-784-0087
1544,25,6-478-006-1011
1545,49,8-355-708-2068
1546,54,1-033-872-7082
1547,13,8-108-242-3024
1548,35,2-718-041-0517
1549,16,5-211-734-0155
1550,56,0-004-355-7401
1551,14,6-374-614-6382
1552,75,2-046-641-6247
1553,79,3-558-585-4113
1554,42,4-028-072-0611
1555,33,1-700-747-1470
1556,15,4-404-367-1502
1557,61,2-153-262-2427
1558,66,7-466-218-5814
1559,48,6-668-306-0537
1560,55,8-487-575-2625
1561,71,0-074-057-0605
1562,43,0-283-561-4606
1563,69,2-100-527-3177
1564,27,1-180-477-7746
1565,28,8-150-111-0301
1566,76,4-744-112-1452
1567,39,6-188-180-6371
1568,35,5-720-568-1004
1569,61,2-365-157-2812
1570,10,1-283-045-6618
1571,38,7-246-613-6525
1572,65,2-356-073-4527
1573,37,7-415-470-1426
1574,74,0-047-643-8511
1575,55,8-767-637-5317
1576,28,0-727-133-8556
1577,72,2-560-886-6246
1578,56,0-240-314-8227
1579,71,2-561-720-2174
1580,15,5-764-310-4156
1581,75,8-243-165-0776
1582,29,1-488-334-2633
1583,52,4-050-226-6872
1584,46,6-613-142-6032
1585,70,2-016-032-5787
1586,13,1-465-102-2232
1587,62,2-111-164-1667
1588,28,1-855-566-7702
1589,54,6-550-085-8634
1590,75,2-031-362-3644
1591,27,3-665-648-1744
1592,43,1-407-184-6463
1593,50,2-531-778-2125
1594,35,2-812-320-6588
1595,73,5-426-867-6313
1596,18,0-738-512-7764
1597,22,6-221-558-2544
1598,29,5-124-488-1502
1599,54,7-113-510-8000
1600,63,3-506-104-4213
1601,39,8-728-634-5862
1602,43,3-553-442-4041
1603,71,7-105-462-6663
1604,71,7-115-437-6352
1605,45,3-106-783-4530
1606,44,2-801-346-6175
1607,30,2-585-644-1741
1608,39,6-477-382-3063
1609,50,3-527-752-5463
1610,27,8-661-875-7653
1611,68,6-822-411-5232
1612,14,1-632-258-8057
1613,60,1-042-047-6141
1614,75,3-002-478-5360
1615,22,4-351-646-0040
1616,46,6-846-457-6537
1617,26,5-532-522-4826
1618,61,8-586-608-7845
1619,51,2-207-735-1425
1620,23,0-436-154-3266
1621,71,5-184-403-0878
1622,39,2-455-651-5066
1623,31,6-152-813-4411
1624,59,4-054-852-1484
1625,60,0-865-507-7356
1626,36,3-007-438-0281
1627,55,8-664-457-7582
1628,10,4-683-322-7221
1629,73,4-350-843-0706
1630,71,3-237-787-4702
1631,68,4-460-523-6460
1632,15,8-671-411-4008
1633,13,8-403-360-3175
1634,41,6-344-683-6227
1635,12,1-586-777-3550
1636,15,2-827-658-1133
1637,17,5-670-626-5681
1638,65,6-353-827-1231
1639,59,5-486-367-7270
1640,19,8-652-833-2741
1641,31,8-418-427-1404
1642,30,2-020-134-7243
1643,25,5-528-078-0266
1644,69,4-820-075-8228
1645,70,1-313-020-4183
1646,73,0-816-138-5234
1647,24,0-373-748-2536
1648,52,5-400-516-4530
1649,19,5-868-335-6702
1650,52,3-565-002-5150
1651,53,2-780-605-6366
1652,77,6-882-706-5245
1653,15,4-034-038-0715
1654,44,3-487-351-6768
1655,13,1-070-743-7185
1656,57,5-050-661-5337
1657,32,0-815-282-7033
1658,12,4-813-672-4721
1659,30,8-100-536-6148
1660,75,2-652-575-1654
1661,65,4-674-134-7685
1662,11,8-116-667-8821
1663,10,2-870-685-3615
1664,66,4-146-011-2043
1665,40,5-740-647-2572
1666,21,4-406-312-6532
1667,47,1-186-078-6533
1668,73,4-461-231-6731
1669,53,1-487-257-2588
1670,50,5-117-854-1012
1671,66,4-032-255-6825
1672,48,7-040-513-4515
1673,20,1-272-705-8213
1674,20,1-508-316-3558
1675,70,1-447-761-3420
1676,75,7-387-662-6627
1677,76,1-314-415-4281
1678,38,4-604-805-8401
1679,78,2-768-321-7556
1680,43,5-682-645-7142
1681,10,5-665-683-0112
1682,51,4-610-627-8858
1683,30,1-220-337-6553
1684,52,5-416-153-3427
1685,11,3-517-620-8734
1686,37,6-357-340-7253
1687,22,1-162-247-7426
1688,66,1-802-537-1068
1689,67,8-508-286-6186
1690,49,5-652-568-4675
1691,45,3-628-721-3183
1692,61,4-745-485-2146
1693,72,7-443-741-1845
1694,49,5-787-733-5377
1695,61,1-386-223-8030
1696,32,7-645-726-0288
1697,62,8-637-004-8672
1698,45,5-376-154-2650
1699,14,7-771-163-1417
1700,43,8-478-715-0408
1701,38,3-075-450-2630
1702,26,1-378-310-4536
1703,52,7-444-004-6747
1704,13,8-757-147-4457
1705,42,3-663-847-8227
1706,77,1-425-723-6560
1707,49,4-131-520-2681
1708,32,3-173-576-5866
1709,53,1-162-207-5508
1710,65,1-620-152-1282
1711,56,4-806-835-6468
1712,44,4-785-156-2182
1713,76,4-643-442-1707
1714,30,8-052-412-3675
1715,36,5-506-284-4612
1716,30,8-228-375-3866
1717,10,8-378-672-6006
1718,67,4-477-535-7732
1719,26,8-388-113-8807
1720,70,1-477-841-7444
1721,71,8-675-071-5140
1722,32,8-348-577-3605
1723,14,5-783-136-3708
1724,38,3-770-826-5348
1725,47,8-216-501-8160
1726,29,8-736-763-7315
1727,68,8-643-285-0833
1728,69,2-077-802-5751
1729,18,7-076-001-7636
1730,68,4-661-183-4353
1731,67,7-583-780-3535
1732,24,1-707-241-8282
1733,21,3-148-166-2507
1734,40,1-606-332-1148
1735,27,7-428-445-8260
1736,56,4-018-635-1056
1737,47,4-357-610-7120
1738,55,3-770-381-3632
1739,25,2-346-772-2763
1740,13,8-621-614-2044
1741,71,5-460-427-1135
1742,32,5-203-876-6360
1743,56,6-864-781-6851
1744,34,0-165-728-5184
1745,36,1-021-664-7302
1746,50,5-221-173-0152
1747,64,1-170-744-7323
1748,65,5-801-028-8818
1749,53,0-642-441-4640
1750,48,7-408-441-2744
1751,23,7-288-628-8128
1752,17,8-237-080-1742
1753,52,2-833-866-5123
1754,27,4-273-513-5480
1755,30,0-218-332-3836
1756,64,8-404-438-6713
1757,69,1-546-061-2812
1758,53,4-717-883-1504
1759,21,0-710-033-8837
1760,70,7-532-137-6130
1761,58,2-168-622-1035
1762,25,4-025-636-1828
1763,35,5-181-170-6747
1764,72,5-416-067-4816
1765,19,0-207-676-8132
1766,56,2-181-383-0238
1767,22,1-802-433-4370
1768,74,7-108-686-2243
1769,75,6-510-658-5276
1770,61,7-446-862-4003
1771,19,8-322-668-5514
1772,69,2-266-835-8421
1773,27,4-824-288-6101
1774,36,2-585-801-5054
1775,55,0-455-345-5107
1776,62,3-326-165-1134
1777,33,4-083-142-7354
1778,67,2-336-351-2611
1779,48,7-432-824-5020
1780,29,4-145-702-6743
1781,70,3-865-115-2835
1782,54,0-881-177-0201
1783,29,0-435-745-3058
1784,77,4-847-573-0475
1785,70,1-150-535-2744
1786,54,6-833-625-4085
1787,25,3-833-606-1854
1788,60,7-566-861-0370
1789,55,3-822-207-1435
1790,58,0-146-626-1464
1791,19,4-752-757-4760
1792,64,6-488-621-4805
1793,62,1-320-181-6316
1794,39,3-438-407-2168
1795,30,3-641-401-4271
1796,41,2-638-423-5644
1797,21,8-188-135-3385
1798,39,4-023-021-5385
1799,66,6-868-335-8222
1800,30,0-228-260-2084
1801,45,0-054-276-8411
1802,31,5-508-361-1782
1803,64,8-226-736-6328
1804,34,7-163-526-8082
1805,55,5-083-726-0674
1806,78,5-001-437-2661
1807,28,0-754-136-8860
1808,63,3-281-575-0567
1809,48,1-445-108-8863
1810,79,6-172-058-8837
1811,19,4-667-015-2003
1812,57,8-078-617-6884
1813,37,0-280-685-7621
1814,37,2-177-008-5613
1815,79,6-016-402-4237
1816,62,1-550-358-5835
1817,49,3-067-875-7883
1818,56,6-826-050-8305
1819,43,4-721-160-2353
1820,43,3-354-687-1283
1821,44,2-253-361-2322
1822,16,5-452-802-0472
1823,57,8-524-232-5467
1824,75,1-586-310-0048
1825,28,2-421-628-4883
1826,60,3-688-865-7561
1827,31,0-463-615-4601
1828,65,1-071-630-2222
1829,55,2-112-706-4380
1830,21,5-566-280-3417
1831,74,7-301-670-7101
1832,52,0-255-263-1865
1833,21,6-282-180-0213
1834,40,0-474-728-4415
1835,10,2-307-658-1774
1836,40,8-652-802-8714
1837,62,7-736-606-4580
1838,64,7-236-225-1035
1839,15,5-654-761-0830
1840,72,1-236-186-8674
1841,60,6-465-535-4220
1842,11,4-258-787-4244
1843,76,7-701-553-6276
1844,34,0-444-645-8132
1845,75,2-717-884-1867
1846,61,3-476-826-5428
1847,31,3-266-756-3507
1848,64,3-472-353-2671
1849,22,5-888-564-8873
1850,56,1-733-831-2502
1851,37,4-428-855-5150
1852,73,5-778-587-4110
1853,52,1-023-584-4653
1854,22,3-402-264-5646
1855,21,4-256-162-3356
1856,75,2-101-041-0354
1857,14,7-523-548-6217
1858,34,2-628-387-7708
1859,15,6-341-266-8758
1860,54,3-778-686-1368
1861,32,1-254-751-6516
1862,26,8-644-384-6764
1863,49,1-707-376-0328
1864,79,0-211-310-2050
1865,11,3-164-114-4602
1866,75,5-236-467-6644
1867,20,6-326-524-5703
1868,29,0-281-642-8815
1869,12,7-273-722-8656
1870,61,8-673-560-4806
1871,25,6-582-141-5728
1872,34,4-165-645-4412
1873,14,5-832-101-6545
1874,25,3-061-318-5748
1875,43,8-473-426-5276
1876,32,0-837-116-8441
1877,58,7-303-262-0882
1878,53,1-723-708-4330
1879,40,6-045-788-3315
1880,15,1-225-553-1675
1881,33,8-304-553-3256
1882,25,1-620-872-0211
1883,50,6-386-086-8415
1884,37,7-476-717-4503
1885,71,3-227-451-6146
1886,24,5-533-876-8071
1887,38,0-420-368-5802
1888,63,5-737-081-3750
1889,20,6-357-237-4077
1890,78,2-034-402-4257
1891,12,3-780-575-4413
1892,78,0-134-266-6035
1893,14,5-576-347-0553
1894,39,4-682-234-1534
1895,33,6-625-808-0274
1896,79,0-808-223-4780
1897,44,7-446-743-1140
1898,53,2-215-531-5281
1899,33,2-572-004-7676
1900,45,5-217-327-4845
1901,13,1-774-632-8214
1902,25,5-111-828-4458
1903,35,1-328-053-6861
1904,24,1-003-462-3781
1905,30,0-556-514-5742
1906,38,0-275-662-7800
1907,73,1-486-355-1287
1908,40,0-616-253-6652
1909,26,8-561-622-0564
1910,11,2-612-801-1335
1911,77,4-453-521-5257
1912,64,7-448-577-3213
1913,42,3-166-307-4865
1914,22,5-842-476-5833
1915,41,4-245-525-2010
1916,38,4-411-737-1732
1917,63,2-474-474-8731
1918,22,5-176-031-4706
1919,16,5-474-525-1862
1920,17,4-172-505-1205
1921,55,4-004-278-2667
1922,73,8-035-682-7862
1923,73,4-777-447-5818
1924,50,1-180-703-6282
1925,51,6-843-766-7618
1926,37,8-062-828-7063
1927,49,8-108-345-4520
1928,46,0-362-317-0151
1929,63,2-070-035-8583
1930,55,5-731-437-6822
1931,46,4-537-823-3825
1932,31,6-541-618-0015
1933,50,6-556-647-0724
1934,33,0-602-485-3104
1935,76,8-687-214-3070
1936,32,6-664-454-4010
1937,10,1-540-423-5157
1938,79,4-866-712-1565
1939,68,2-185-588-6585
1940,60,5-387-431-0768
1941,45,8-658-883-4867
1942,31,3-701-613-5280
1943,37,1-461-448-5136
1944,70,2-876-516-8554
1945,57,3-836-331-8626
1946,39,1-283-621-8017
1947,61,2-580-217-5006
1948,50,1-126-161-0235
1949,33,2-213-445-2053
1950,61,3-064-413-0422
1951,48,0-363-874-8057
1952,74,0-314-444-5642
1953,16,0-551-847-8053
1954,16,6-122-146-6274
1955,15,0-858-757-4062
1956,32,2-284-777-3007
1957,28,1-142-647-2141
1958,15,8-713-770-0880
1959,66,4-184-800-8027
1960,58,1-464-701-6185
1961,75,6-351-863-2057
1962,48,5-320-318-5032
1963,31,1-417-735-5506
1964,48,3-883-845-4618
1965,47,6-020-807-2120
1966,45,5-436-028-5565
1967,46,1-554-765-8551
1968,59,0-555-143-0746
1969,45,0-844-238-8377
1970,32,3-243-608-8266
1971,41,5-331-345-6703
1972,71,1-162-612-2621
1973,68,8-837-471-3207
1974,71,8-758-114-2852
1975,51,3-621-436-2151
1976,36,1-710-805-0272
1977,70,5-314-778-3674
1978,69,5-087-256-2626
1979,32,0-437-812-4335
1980,16,2-243-576-3323
1981,71,1-766-101-3573
1982,37,3-034-484-1475
1983,13,1-257-438-7046
1984,22,3-533-114-4708
1985,50,3-174-723-3165
1986,69,3-272-743-8311
1987,71,4-082-301-0304
1988,36,4-406-138-6050
1989,71,3-152-601-1088
1990,59,2-080-444-2737
1991,36,4-560-247-8007
1992,21,4-732-823-4434
1993,13,3-714-060-8327
1994,13,2-185-105-1175
1995,59,1-135-028-1165
1996,38,2-372-087-2028
1997,61,2-633-627-5233
1998,68,3-380-357-5442
1999,61,1-312-036-7252
2000,30,8-448-701-8008

